{
  "config": "tiny",
  "device": "cpu",
  "steps": 120,
  "n_train": 64,
  "seed": 0,
  "gate_pass": false,
  "results": {
    "late": {
      "test_acc": 0.5078125,
      "val_acc": 0.5234375,
      "n_params": 7313,
      "train_loss": 0.591353714466095,
      "enc_flops": 8142848,
      "fuse_flops": 82944
    },
    "early": {
      "test_acc": 0.484375,
      "val_acc": 0.6015625,
      "n_params": 5809,
      "train_loss": 0.17258241772651672,
      "enc_flops": 1376256,
      "fuse_flops": 17040384
    },
    "nf_lainr": {
      "test_acc": 0.49609375,
      "val_acc": 0.46875,
      "n_params": 28693,
      "train_loss": 0.8624083995819092,
      "enc_flops": 25640960,
      "fuse_flops": 148480
    },
    "nf_omnifield": {
      "test_acc": 0.4453125,
      "val_acc": 0.453125,
      "n_params": 27717,
      "train_loss": 1.0402686595916748,
      "enc_flops": 54362112,
      "fuse_flops": 15942656
    }
  }
}