{
  "ecg_ppg_hard": {
    "tag": "ecg_ppg_hard",
    "all_pass": true,
    "results": [
      {
        "name": "C1_joint_only_label",
        "passed": true,
        "detail": {
          "A": {
            "modality": "A",
            "test_acc": 0.515625,
            "train_acc": 0.826171875,
            "p_value_above_chance": 0.33091643039222796,
            "n_test": 256
          },
          "B": {
            "modality": "B",
            "test_acc": 0.48828125,
            "train_acc": 1.0,
            "p_value_above_chance": 0.669083569607772,
            "n_test": 256
          }
        },
        "alpha": 0.01
      },
      {
        "name": "C2_marginal_invariance",
        "passed": true,
        "detail": {
          "A": {
            "mmd2": 0.0006778096894144436,
            "p_value": 0.31343283582089554,
            "n_per_class": 128
          },
          "B": {
            "mmd2": -0.0016373964601845703,
            "p_value": 0.8159203980099502,
            "n_per_class": 128
          }
        },
        "alpha": 0.05
      },
      {
        "name": "C3_multiscale_and_snr",
        "passed": true,
        "detail": {
          "A": {
            "resolvable_bands": 6,
            "configured_octaves": 6,
            "measured_snr_db": -2.999999957439184,
            "configured_snr_db": -3.0,
            "band_powers": [
              2409.9393099773415,
              2413.964786524282,
              2515.73178498091,
              2417.323660263256,
              2377.6786068444685,
              2361.115922761807
            ],
            "snr_ok": true,
            "bands_ok": true
          },
          "B": {
            "resolvable_bands": 6,
            "configured_octaves": 6,
            "measured_snr_db": -3.000000008748676,
            "configured_snr_db": -3.0,
            "band_powers": [
              2795.4118495971156,
              2689.6476024225753,
              2754.672643485304,
              2639.3797530660318,
              2711.7560211241503,
              2401.065570473144
            ],
            "snr_ok": true,
            "bands_ok": true
          }
        },
        "snr_tol_db": 1.0
      },
      {
        "name": "C4_grid_mismatch",
        "passed": true,
        "detail": {
          "rate_A": 128.0,
          "rate_B": 64.0,
          "len_A": 1024,
          "len_B": 512,
          "rate_mismatch": true,
          "len_mismatch": true,
          "configured_jitter": 0.02,
          "measured_jitter_std_dt": 0.00045656602014787495,
          "jitter_ok": true
        }
      },
      {
        "name": "C5_ground_truth_present",
        "passed": true,
        "detail": {
          "f_A_shape_matches_A": true,
          "f_B_shape_matches_B": true,
          "all_finite": true,
          "checked": 32
        }
      }
    ]
  }
}